{
    "id": 1,
    "name": "Spacious Family Home",
    "location": "1234 Elm Street, City A",
    "price": 275000,
    "bedrooms": 4,
    "bathrooms": 2.5,
    "squareFeet": 2400,
    "description": "This spacious family home features 4 bedrooms, 2.5 bathrooms, a large backyard, and a two-car garage. Ideal for families looking for a comfortable living space.",
    "images": [
      "https://source.unsplash.com/random/500x500/?reale-estate",
      "https://source.unsplash.com/random/500x500/?reale-estate1",
      "https://source.unsplash.com/random/500x500/?reale-estate2"
    ]
  }
  